-- MySQL Script generated by MySQL Workbench
-- Mon Jan 12 14:51:06 2026
-- Model: New Model    Version: 1.0
-- MySQL Workbench Forward Engineering

SET @OLD_UNIQUE_CHECKS=@@UNIQUE_CHECKS, UNIQUE_CHECKS=0;
SET @OLD_FOREIGN_KEY_CHECKS=@@FOREIGN_KEY_CHECKS, FOREIGN_KEY_CHECKS=0;
SET @OLD_SQL_MODE=@@SQL_MODE, SQL_MODE='ONLY_FULL_GROUP_BY,STRICT_TRANS_TABLES,NO_ZERO_IN_DATE,NO_ZERO_DATE,ERROR_FOR_DIVISION_BY_ZERO,NO_ENGINE_SUBSTITUTION';

-- -----------------------------------------------------
-- Schema FlyTAU
-- -----------------------------------------------------

-- -----------------------------------------------------
-- Schema FlyTAU
-- -----------------------------------------------------
-- CREATE SCHEMA IF NOT EXISTS `FlyTAU` DEFAULT CHARACTER SET utf8 ;
-- USE `FlyTAU` ;

-- -----------------------------------------------------
-- Table `FlyTAU`.`Manager`
-- -----------------------------------------------------
CREATE TABLE IF NOT EXISTS `FlyTAU`.`Manager` (
  `ID` INT NOT NULL,
  `First_name` VARCHAR(45) NULL,
  `Last_name` VARCHAR(45) NULL,
  `Phone_number` INT NULL,
  `City` VARCHAR(45) NULL,
  `Street` VARCHAR(45) NULL,
  `Street_number` INT NULL,
  `Employment_start_date` DATE NULL,
  `Password` VARCHAR(45) NULL,
  PRIMARY KEY (`ID`))
ENGINE = InnoDB;


-- -----------------------------------------------------
-- Table `FlyTAU`.`Flight_attendant`
-- -----------------------------------------------------
CREATE TABLE IF NOT EXISTS `FlyTAU`.`Flight_attendant` (
  `ID` INT NOT NULL,
  `First_name` VARCHAR(45) NULL,
  `Last_name` VARCHAR(45) NULL,
  `Phone_number` INT NULL,
  `City` VARCHAR(45) NULL,
  `Street` VARCHAR(45) NULL,
  `Street_number` INT NULL,
  `Employment_start_date` DATE NULL,
  `Long_flight_training` VARCHAR(45) NULL,
  PRIMARY KEY (`ID`))
ENGINE = InnoDB;


-- -----------------------------------------------------
-- Table `FlyTAU`.`Pilot`
-- -----------------------------------------------------
CREATE TABLE IF NOT EXISTS `FlyTAU`.`Pilot` (
  `ID` INT NOT NULL,
  `First_name` VARCHAR(45) NULL,
  `Last_name` VARCHAR(45) NULL,
  `Phone_number` INT NULL,
  `CIty` VARCHAR(45) NULL,
  `Street` VARCHAR(45) NULL,
  `Street_number` INT NULL,
  `Employment_start_date` DATE NULL,
  `Long_flight_training` VARCHAR(45) NULL,
  PRIMARY KEY (`ID`))
ENGINE = InnoDB;


-- -----------------------------------------------------
-- Table `FlyTAU`.`Customer`
-- -----------------------------------------------------
CREATE TABLE IF NOT EXISTS `FlyTAU`.`Customer` (
  `Email` VARCHAR(100) NOT NULL,
  `First_name` VARCHAR(45) NULL,
  `Last_name` VARCHAR(45) NULL,
  PRIMARY KEY (`Email`))
ENGINE = InnoDB;


-- -----------------------------------------------------
-- Table `FlyTAU`.`Registered_customer`
-- -----------------------------------------------------
CREATE TABLE IF NOT EXISTS `FlyTAU`.`Registered_customer` (
  `Password` VARCHAR(45) NULL,
  `Birth_date` DATE NULL,
  `Registration_date` DATE NULL,
  `Passport_number` INT NULL,
  `Customer_Email` VARCHAR(100) NOT NULL,
  PRIMARY KEY (`Customer_Email`),
  CONSTRAINT `fk_Registered_customer_Customer1`
    FOREIGN KEY (`Customer_Email`)
    REFERENCES `FlyTAU`.`Customer` (`Email`)
    ON DELETE NO ACTION
    ON UPDATE NO ACTION)
ENGINE = InnoDB;


-- -----------------------------------------------------
-- Table `FlyTAU`.`Booking`
-- -----------------------------------------------------
CREATE TABLE IF NOT EXISTS `FlyTAU`.`Booking` (
  `ID` INT NOT NULL,
  `Booking_date` DATE NULL,
  `Status` VARCHAR(45) NULL,
  `Customer_Email` VARCHAR(100) NOT NULL,
  PRIMARY KEY (`ID`),
  INDEX `fk_Booking_Customer1_idx` (`Customer_Email` ASC) VISIBLE,
  CONSTRAINT `fk_Booking_Customer1`
    FOREIGN KEY (`Customer_Email`)
    REFERENCES `FlyTAU`.`Customer` (`Email`)
    ON DELETE NO ACTION
    ON UPDATE NO ACTION)
ENGINE = InnoDB;


-- -----------------------------------------------------
-- Table `FlyTAU`.`Airplane`
-- -----------------------------------------------------
CREATE TABLE IF NOT EXISTS `FlyTAU`.`Airplane` (
  `ID` INT NOT NULL,
  `Manufactorer` VARCHAR(45) NULL,
  `Purchase_date` DATE NULL,
  `Size` VARCHAR(45) NULL,
  PRIMARY KEY (`ID`))
ENGINE = InnoDB;


-- -----------------------------------------------------
-- Table `FlyTAU`.`Airport`
-- -----------------------------------------------------
CREATE TABLE IF NOT EXISTS `FlyTAU`.`Airport` (
  `Code` VARCHAR(3) NOT NULL,
  `Name` VARCHAR(45) NULL,
  `City` VARCHAR(45) NULL,
  `Country` VARCHAR(45) NULL,
  PRIMARY KEY (`Code`))
ENGINE = InnoDB;


-- -----------------------------------------------------
-- Table `FlyTAU`.`Flight_Route`
-- -----------------------------------------------------
CREATE TABLE IF NOT EXISTS `FlyTAU`.`Flight_Route` (
  `origin_Airport_Code` VARCHAR(3) NOT NULL,
  `destination_Airport_Code` VARCHAR(3) NOT NULL,
  `Duration` FLOAT NULL,
  PRIMARY KEY (`origin_Airport_Code`, `destination_Airport_Code`),
  INDEX `fk_Flight_Route_Airport2_idx` (`destination_Airport_Code` ASC) VISIBLE,
  CONSTRAINT `fk_Flight_Route_Airport1`
    FOREIGN KEY (`origin_Airport_Code`)
    REFERENCES `FlyTAU`.`Airport` (`Code`)
    ON DELETE NO ACTION
    ON UPDATE NO ACTION,
  CONSTRAINT `fk_Flight_Route_Airport2`
    FOREIGN KEY (`destination_Airport_Code`)
    REFERENCES `FlyTAU`.`Airport` (`Code`)
    ON DELETE NO ACTION
    ON UPDATE NO ACTION)
ENGINE = InnoDB;


-- -----------------------------------------------------
-- Table `FlyTAU`.`Flight`
-- -----------------------------------------------------
CREATE TABLE IF NOT EXISTS `FlyTAU`.`Flight` (
  `ID` INT NOT NULL,
  `Departure_datetime` DATETIME NULL,
  `Airplane_ID` INT NOT NULL,
  `Flight_Route_origin_Airport_Code` VARCHAR(3) NOT NULL,
  `Flight_Route_destination_Airport_Code` VARCHAR(3) NOT NULL,
  `Economy_price` INT NULL,
  `Business_price` INT NULL,
  `status` VARCHAR(45) NULL,
  PRIMARY KEY (`ID`),
  INDEX `fk_Flight_Airplane1_idx` (`Airplane_ID` ASC) VISIBLE,
  INDEX `fk_Flight_Flight_Route1_idx` (`Flight_Route_origin_Airport_Code` ASC, `Flight_Route_destination_Airport_Code` ASC) VISIBLE,
  CONSTRAINT `fk_Flight_Airplane1`
    FOREIGN KEY (`Airplane_ID`)
    REFERENCES `FlyTAU`.`Airplane` (`ID`)
    ON DELETE NO ACTION
    ON UPDATE NO ACTION,
  CONSTRAINT `fk_Flight_Flight_Route1`
    FOREIGN KEY (`Flight_Route_origin_Airport_Code` , `Flight_Route_destination_Airport_Code`)
    REFERENCES `FlyTAU`.`Flight_Route` (`origin_Airport_Code` , `destination_Airport_Code`)
    ON DELETE NO ACTION
    ON UPDATE NO ACTION)
ENGINE = InnoDB;


-- -----------------------------------------------------
-- Table `FlyTAU`.`Department`
-- -----------------------------------------------------
CREATE TABLE IF NOT EXISTS `FlyTAU`.`Department` (
  `Type` VARCHAR(45) NOT NULL,
  `Number_of_rows` INT NULL,
  `Number_of_columns` INT NULL,
  `Airplane_ID` INT NOT NULL,
  PRIMARY KEY (`Type`, `Airplane_ID`),
  INDEX `fk_Department_Airplane1_idx` (`Airplane_ID` ASC) VISIBLE,
  CONSTRAINT `fk_Department_Airplane1`
    FOREIGN KEY (`Airplane_ID`)
    REFERENCES `FlyTAU`.`Airplane` (`ID`)
    ON DELETE NO ACTION
    ON UPDATE NO ACTION)
ENGINE = InnoDB;


-- -----------------------------------------------------
-- Table `FlyTAU`.`Customer_phone_number`
-- -----------------------------------------------------
CREATE TABLE IF NOT EXISTS `FlyTAU`.`Customer_phone_number` (
  `Phone_number` INT NOT NULL,
  `Customer_Email` VARCHAR(100) NOT NULL,
  PRIMARY KEY (`Phone_number`, `Customer_Email`),
  INDEX `fk_Customer_phone_number_Customer1_idx` (`Customer_Email` ASC) VISIBLE,
  CONSTRAINT `fk_Customer_phone_number_Customer1`
    FOREIGN KEY (`Customer_Email`)
    REFERENCES `FlyTAU`.`Customer` (`Email`)
    ON DELETE NO ACTION
    ON UPDATE NO ACTION)
ENGINE = InnoDB;


-- -----------------------------------------------------
-- Table `FlyTAU`.`Guest`
-- -----------------------------------------------------
CREATE TABLE IF NOT EXISTS `FlyTAU`.`Guest` (
  `Customer_Email` VARCHAR(100) NOT NULL,
  PRIMARY KEY (`Customer_Email`),
  CONSTRAINT `fk_Guest_Customer1`
    FOREIGN KEY (`Customer_Email`)
    REFERENCES `FlyTAU`.`Customer` (`Email`)
    ON DELETE NO ACTION
    ON UPDATE NO ACTION)
ENGINE = InnoDB;


-- -----------------------------------------------------
-- Table `FlyTAU`.`Ticket`
-- -----------------------------------------------------
CREATE TABLE IF NOT EXISTS `FlyTAU`.`Ticket` (
  `ID` INT NOT NULL,
  `Booking_ID` INT NOT NULL,
  `Flight_ID` INT NOT NULL,
  `Price` INT NULL,
  `Seat_row` INT NULL,
  `Seat_col` VARCHAR(1) NULL,
  `Department_type` VARCHAR(45) NULL,
  PRIMARY KEY (`ID`),
  INDEX `fk_Ticket_Booking1_idx` (`Booking_ID` ASC) VISIBLE,
  INDEX `fk_Ticket_Flight1_idx` (`Flight_ID` ASC) VISIBLE,
  CONSTRAINT `fk_Ticket_Booking1`
    FOREIGN KEY (`Booking_ID`)
    REFERENCES `FlyTAU`.`Booking` (`ID`)
    ON DELETE NO ACTION
    ON UPDATE NO ACTION,
  CONSTRAINT `fk_Ticket_Flight1`
    FOREIGN KEY (`Flight_ID`)
    REFERENCES `FlyTAU`.`Flight` (`ID`)
    ON DELETE NO ACTION
    ON UPDATE NO ACTION)
ENGINE = InnoDB;


-- -----------------------------------------------------
-- Table `FlyTAU`.`Pilot_in_Flight`
-- -----------------------------------------------------
CREATE TABLE IF NOT EXISTS `FlyTAU`.`Pilot_in_Flight` (
  `Pilot_ID` INT NOT NULL,
  `Flight_ID` INT NOT NULL,
  PRIMARY KEY (`Pilot_ID`, `Flight_ID`),
  INDEX `fk_Pilot_has_Flight_Flight1_idx` (`Flight_ID` ASC) VISIBLE,
  INDEX `fk_Pilot_has_Flight_Pilot_idx` (`Pilot_ID` ASC) VISIBLE,
  CONSTRAINT `fk_Pilot_has_Flight_Pilot`
    FOREIGN KEY (`Pilot_ID`)
    REFERENCES `FlyTAU`.`Pilot` (`ID`)
    ON DELETE NO ACTION
    ON UPDATE NO ACTION,
  CONSTRAINT `fk_Pilot_has_Flight_Flight1`
    FOREIGN KEY (`Flight_ID`)
    REFERENCES `FlyTAU`.`Flight` (`ID`)
    ON DELETE NO ACTION
    ON UPDATE NO ACTION)
ENGINE = InnoDB;


-- -----------------------------------------------------
-- Table `FlyTAU`.`Flight_attendant_in_Flight`
-- -----------------------------------------------------
CREATE TABLE IF NOT EXISTS `FlyTAU`.`Flight_attendant_in_Flight` (
  `Flight_attendant_ID` INT NOT NULL,
  `Flight_ID` INT NOT NULL,
  PRIMARY KEY (`Flight_attendant_ID`, `Flight_ID`),
  INDEX `fk_Flight_attendant_has_Flight_Flight1_idx` (`Flight_ID` ASC) VISIBLE,
  INDEX `fk_Flight_attendant_has_Flight_Flight_attendant1_idx` (`Flight_attendant_ID` ASC) VISIBLE,
  CONSTRAINT `fk_Flight_attendant_has_Flight_Flight_attendant1`
    FOREIGN KEY (`Flight_attendant_ID`)
    REFERENCES `FlyTAU`.`Flight_attendant` (`ID`)
    ON DELETE NO ACTION
    ON UPDATE NO ACTION,
  CONSTRAINT `fk_Flight_attendant_has_Flight_Flight1`
    FOREIGN KEY (`Flight_ID`)
    REFERENCES `FlyTAU`.`Flight` (`ID`)
    ON DELETE NO ACTION
    ON UPDATE NO ACTION)
ENGINE = InnoDB;


SET SQL_MODE=@OLD_SQL_MODE;
SET FOREIGN_KEY_CHECKS=@OLD_FOREIGN_KEY_CHECKS;
SET UNIQUE_CHECKS=@OLD_UNIQUE_CHECKS;


SET FOREIGN_KEY_CHECKS = 0;
TRUNCATE TABLE Ticket;
TRUNCATE TABLE Booking;
TRUNCATE TABLE Flight_attendant_in_Flight;
TRUNCATE TABLE pilot_in_flight;
TRUNCATE TABLE Flight;
TRUNCATE TABLE Flight_Route;
TRUNCATE TABLE Department;
TRUNCATE TABLE Airplane;
TRUNCATE TABLE Airport;
TRUNCATE TABLE Guest;
TRUNCATE TABLE Registered_customer;
TRUNCATE TABLE Customer_phone_number;
TRUNCATE TABLE Customer;
TRUNCATE TABLE Flight_attendant;
TRUNCATE TABLE Pilot;
TRUNCATE TABLE Manager;
SET FOREIGN_KEY_CHECKS = 1;


INSERT INTO Manager (ID, First_name, Last_name, Phone_number, City, Street, Street_number, Employment_start_date, Password) VALUES 
(123456789, 'Dana', 'Levi', 551234567, 'Tel Aviv', 'Rothschild', 10, '2020-01-01', 'pass123'),
(987654321, 'Ron', 'Cohen', 559876543, 'Haifa', 'Moriah', 55, '2019-05-15', 'admin456');


INSERT INTO Customer (Email, First_name, Last_name) VALUES 
('reg1@gmail.com', 'Alice', 'Smith'),
('reg2@gmail.com', 'Bob', 'Brown'),
('guest1@yahoo.com', 'Charlie', 'Guest'),
('guest2@hotmail.com', 'David', 'Visitor');

INSERT INTO Registered_customer (Customer_Email, Password, Birth_date, Registration_date, Passport_number) VALUES 
('reg1@gmail.com', 'alicePass', '1990-05-20', '2023-01-01', 11122233),
('reg2@gmail.com', 'bobPass', '1985-08-10', '2023-02-15', 44455566);

INSERT INTO Guest (Customer_Email) VALUES 
('guest1@yahoo.com'),
('guest2@hotmail.com');

INSERT INTO Customer_phone_number (Customer_Email, Phone_number) VALUES 

('reg1@gmail.com', 501111111),
('reg1@gmail.com', 501111112), 
('reg2@gmail.com', 522222222),

('guest1@yahoo.com', 543333333),
('guest2@hotmail.com', 554444444);

INSERT INTO Pilot (ID, First_name, Last_name, Phone_number, City, Street, Street_number, Employment_start_date, Long_flight_training) VALUES 
(201, 'Captain', 'Morgan', 501111111, 'Tel Aviv', 'Dizengoff', 10, '2015-01-01', 'Yes'),
(202, 'Maverick', 'Top', 502222222, 'Haifa', 'Herzl', 25, '2016-06-15', 'Yes'),
(203, 'Amelia', 'Earhart', 503333333, 'Eilat', 'HaTmarim', 3, '2018-03-20', 'Yes'),
(204, 'Sully', 'Sullenberger', 504444444, 'Jerusalem', 'Jaffa', 100, '2010-11-11', 'Yes'),
(205, 'Chuck', 'Yeager', 505555555, 'Rishon LeZion', 'Rotshild', 40, '2019-02-28', 'Yes');


INSERT INTO Pilot (ID, First_name, Last_name, Phone_number, City, Street, Street_number, Employment_start_date, Long_flight_training) VALUES 
(206, 'Rookie', 'One', 506666666, 'Holon', 'Sokolov', 8, '2023-01-01', 'No'),
(207, 'Rookie', 'Two', 507777777, 'Bat Yam', 'Ben Gurion', 99, '2023-05-05', 'No'),
(208, 'John', 'Doe', 508888888, 'Petah Tikva', 'Jabotinsky', 12, '2022-08-20', 'No'),
(209, 'Jane', 'Doe', 509999999, 'Ramat Gan', 'Bialik', 5, '2022-12-10', 'No'),
(210, 'Baby', 'Pilot', 501010101, 'Givatayim', 'Weizman', 1, '2024-01-01', 'No');


INSERT INTO Flight_attendant (ID, First_name, Last_name, Phone_number, City, Street, Street_number, Employment_start_date, Long_flight_training) VALUES 
(301, 'Sarah', 'Connor', 521111111, 'Tel Aviv', 'Allenby', 30, '2018-05-05', 'Yes'), 
(302, 'Ellen', 'Ripley', 522222222, 'Haifa', 'Hanassi', 12, '2017-09-01', 'Yes'), 
(303, 'Leia', 'Organa', 523333333, 'Jerusalem', 'King George', 50, '2019-01-15', 'Yes'), 
(304, 'Luke', 'Skywalker', 524444444, 'Eilat', 'Eilot', 7, '2020-03-03', 'Yes'),
(305, 'Han', 'Solo', 525555555, 'Tel Aviv', 'Ibn Gvirol', 101, '2016-11-20', 'Yes'), 
(306, 'Chewy', 'Wookie', 526666666, 'Ramat Hasharon', 'Ussishkin', 22, '2015-07-07', 'Yes'),
(307, 'Tony', 'Stark', 527777777, 'Herzliya', 'Pituach', 1, '2021-08-30', 'Yes'), 
(308, 'Steve', 'Rogers', 528888888, 'Netanya', 'Herzl', 45, '2014-04-04', 'Yes'),
(309, 'Natasha', 'Romanoff', 529999999, 'Ashdod', 'Bnei Brit', 10, '2018-12-25', 'Yes'), 
(310, 'Bruce', 'Banner', 521010101, 'Rehovot', 'Mada', 3, '2019-10-10', 'Yes');


INSERT INTO Flight_attendant (ID, First_name, Last_name, Phone_number, City, Street, Street_number, Employment_start_date, Long_flight_training) VALUES 
(311, 'Peter', 'Parker', 541111111, 'Tel Aviv', 'Florentin', 4, '2023-06-01', 'No'), 
(312, 'Wanda', 'Maximoff', 542222222, 'Ramat Gan', 'Abba Hillel', 15, '2023-02-14', 'No'),
(313, 'Vision', 'Robot', 543333333, 'Givataim', 'Katznelson', 88, '2022-11-11', 'No'), 
(314, 'Sam', 'Wilson', 544444444, 'Holon', 'Kugel', 33, '2022-05-20', 'No'),
(315, 'Bucky', 'Barnes', 545555555, 'Bat Yam', 'HaAtzmaut', 66, '2022-01-05', 'No'), 
(316, 'Scott', 'Lang', 546666666, 'Hadera', 'HaNassi', 12, '2023-08-08', 'No'),
(317, 'Hope', 'Pym', 547777777, 'Kfar Saba', 'Weizman', 90, '2023-09-01', 'No'), 
(318, 'Stephen', 'Strange', 548888888, 'Raannana', 'Ahuza', 150, '2021-12-31', 'No'),
(319, 'T', 'Challa', 549999999, 'Beer Sheva', 'Rager', 20, '2022-10-10', 'No'), 
(320, 'Carol', 'Danvers', 540000000, 'Modiin', 'Dam HaMaccabim', 5, '2024-01-15', 'No');


INSERT INTO Airport (Code, Name, City, Country) VALUES 
('TLV', 'Ben Gurion', 'Tel Aviv', 'Israel'),
('JFK', 'John F Kennedy', 'New York', 'USA'),
('LHR', 'Heathrow', 'London', 'UK'),
('CDG', 'Charles de Gaulle', 'Paris', 'France'),
('ETM', 'Ramon', 'Eilat', 'Israel'),
('ATH', 'Eleftherios Venizelos', 'Athens', 'Greece'),
('FCO', 'Fiumicino', 'Rome', 'Italy'),
('BKK', 'Suvarnabhumi', 'Bangkok', 'Thailand');


INSERT INTO Airplane (ID, Manufactorer, Size, Purchase_date) VALUES 
(1, 'Boeing', 'Large', '2018-01-01'),   -- 787
(2, 'Airbus', 'Large', '2019-05-05'),   -- A380
(3, 'Boeing', 'Large', '2020-03-10'),   -- 777
(4, 'Dassault', 'Small', '2021-11-20'), -- Falcon
(5, 'Airbus', 'Small', '2017-08-30'),   -- A320
(6, 'Boeing', 'Small', '2022-02-14');   -- 737


INSERT INTO Department (Type, Airplane_ID, Number_of_rows, Number_of_columns) VALUES 
('Economy', 1, 30, 9), ('Business', 1, 10, 6),
('Economy', 2, 40, 9), ('Business', 2, 12, 6),
('Economy', 3, 30, 9), ('Business', 3, 8, 6),

('Economy', 4, 15, 4),
('Economy', 5, 20, 6),
('Economy', 6, 20, 6);


INSERT INTO Flight_Route (origin_Airport_Code, destination_Airport_Code, Duration) VALUES 
('TLV', 'JFK', 11.5), 
('TLV', 'BKK', 10.0), 
('LHR', 'JFK', 8.0),  
('TLV', 'LHR', 5.0),  
('TLV', 'ETM', 1.0),  
('TLV', 'ATH', 2.0), 
('CDG', 'TLV', 4.5),  
('FCO', 'TLV', 4.0),
('JFK', 'TLV', 11.5),
('BKK', 'TLV', 10.0),
('JFK', 'LHR', 8.0),
('LHR', 'TLV', 5.0),
('ETM', 'TLV', 1.0),
('ATH', 'TLV', 2.0),
('TLV', 'CDG', 4.5),
('TLV', 'FCO', 4.0),
('JFK', 'BKK', 12.0),
('BKK', 'JFK', 12.0),
('JFK', 'ATH', 10.5),
('ATH', 'JFK', 10.5),
('CDG', 'FCO', 2.0),
('FCO', 'CDG', 2.0),
('CDG', 'BKK', 14.0),
('BKK', 'CDG', 14.0),
('BKK', 'LHR', 15.0),
('LHR', 'BKK', 15.0);  


INSERT INTO Flight 
(ID, Flight_Route_origin_Airport_Code, Flight_Route_destination_Airport_Code, Airplane_ID, Departure_datetime, status, Economy_price, Business_price) 
VALUES 

(1001, 'TLV', 'JFK', 1, '2025-05-15 08:00:00', 'completed', 800, 2500),


(1002, 'TLV', 'LHR', 6, '2026-06-02 10:00:00', 'active', 400, NULL),


(1003, 'TLV', 'ETM', 4, '2026-07-10 16:30:00', 'active', 100, NULL),


(1004, 'TLV', 'BKK', 2, '2026-08-20 22:00:00', 'cancelled', 700, 2000),


(1005, 'TLV', 'ATH', 5, '2026-06-15 09:00:00', 'active', 200, NULL);



INSERT INTO pilot_in_flight (Pilot_ID, Flight_ID) VALUES (201, 1001), (202, 1001), (203, 1001);
INSERT INTO Flight_attendant_in_Flight (Flight_attendant_ID, Flight_ID) VALUES 
(301, 1001), (302, 1001), (303, 1001), (304, 1001), (305, 1001), (306, 1001);


INSERT INTO Pilot_in_Flight (Pilot_ID, Flight_ID) VALUES (206, 1002), (207, 1002);
INSERT INTO Flight_attendant_in_Flight (Flight_attendant_ID, Flight_ID) VALUES 
(311, 1002), (312, 1002), (313, 1002);


INSERT INTO Pilot_in_Flight (Pilot_ID, Flight_ID) VALUES (204, 1004), (205, 1004), (201, 1004);
INSERT INTO Flight_attendant_in_Flight (Flight_attendant_ID, Flight_ID) VALUES 
(307, 1004), (308, 1004), (309, 1004), (310, 1004), (301, 1004), (302, 1004);


INSERT INTO pilot_in_flight (Pilot_ID, Flight_ID) VALUES (208, 1003), (209, 1003);
INSERT INTO Flight_attendant_in_Flight (Flight_attendant_ID, Flight_ID) VALUES 
(314, 1003), (315, 1003), (316, 1003);


INSERT INTO Booking (ID, Customer_Email, Booking_date, Status) VALUES 
(5001, 'reg1@gmail.com', '2025-01-10', 'completed'),   
(5002, 'reg2@gmail.com', '2026-05-20', 'active'),         
(5003, 'guest1@yahoo.com', '2026-06-01', 'active'),         
(5004, 'guest2@hotmail.com', '2026-06-05', 'system cancellation'), 
(5005, 'reg1@gmail.com', '2026-06-10', 'customer cancellation');


INSERT INTO Ticket (ID, Booking_ID, Flight_ID, Seat_row, Seat_col, Department_type, Price) VALUES 

(9001, 5001, 1001, 12, 'A', 'Economy', 800),
(9002, 5001, 1001, 12, 'B', 'Economy', 800),


(9003, 5002, 1002, 5, 'A', 'Economy', 400),


(9004, 5003, 1002, 5, 'B', 'Economy', 400),
(9005, 5003, 1002, 5, 'C', 'Economy', 400),


(9006, 5004, 1004, 2, 'A', 'Business', 0),


(9007, 5005, 1005, 10, 'A', 'Economy', 10),
(9008, 5005, 1005, 10, 'B', 'Economy', 10);

INSERT INTO Flight 
(ID, Flight_Route_origin_Airport_Code, Flight_Route_destination_Airport_Code, Airplane_ID, Departure_datetime, status, Economy_price, Business_price) 
VALUES 

(1006, 'TLV', 'JFK', 3, '2026-06-28 14:00:00', 'active', 850, 2600),
(1007, 'FCO', 'TLV', 4, '2026-07-05 11:30:00', 'active', 300, NULL);

INSERT INTO pilot_in_flight (Pilot_ID, Flight_ID) VALUES 
(203, 1006), (204, 1006), (205, 1006),
(208, 1007), (210, 1007);


INSERT INTO Flight_attendant_in_Flight (Flight_attendant_ID, Flight_ID) VALUES 
(304, 1006), (305, 1006), (306, 1006), (307, 1006), (308, 1006), (309, 1006),
(317, 1007), (318, 1007), (319, 1007);
